{
  "time" : 942387.98044595856,
  "averageAngularVelocity" : 0.03331606462597847,
  "motionQuality" : 0.99048113822937012,
  "cameraGrain" : 0,
  "cameraPoseARFrame" : [
    0.99694269895553589,
    0.063774913549423218,
    -0.045144513249397278,
    -0.095127567648887634,
    0.022945325821638107,
    0.31334188580513,
    0.94936329126358032,
    0.45938766002655029,
    0.07469119131565094,
    -0.94749665260314941,
    0.31092062592506409,
    0.13224251568317413,
    0,
    0,
    0,
    1
  ],
  "intrinsics" : [
    1454.9359130859375,
    0,
    972.20550537109375,
    0,
    1454.9359130859375,
    710.76116943359375,
    0,
    0,
    1
  ],
  "projectionMatrix" : [
    1.5155582427978516,
    0,
    -0.013234853744506836,
    0,
    0,
    2.0207443237304688,
    -0.012137293815612793,
    0,
    0,
    0,
    -0.9999997615814209,
    -0.00099999981466680765,
    0,
    0,
    -1,
    0
  ],
  "frame_index" : 1,
  "averageVelocity" : 0.0095975687727332115,
  "exposureDuration" : 0.016393441706895828
}