{
  "projectionMatrix" : [
    1.5149853229522705,
    0,
    -0.012750744819641113,
    0,
    0,
    2.0199804306030273,
    -0.0073484182357788086,
    0,
    0,
    0,
    -0.9999997615814209,
    -0.00099999981466680765,
    0,
    0,
    -1,
    0
  ],
  "intrinsics" : [
    1454.3858642578125,
    0,
    971.74072265625,
    0,
    1454.3858642578125,
    714.20916748046875,
    0,
    0,
    1
  ],
  "averageAngularVelocity" : 0.12130622565746307,
  "motionQuality" : 0.96534109115600586,
  "time" : 942400.17879004183,
  "averageVelocity" : 0,
  "cameraGrain" : 0,
  "frame_index" : 25,
  "exposureDuration" : 0.016393441706895828,
  "cameraPoseARFrame" : [
    0.99617069959640503,
    0.05994851142168045,
    -0.063638940453529358,
    -0.10447006672620773,
    0.049638327211141586,
    0.211387038230896,
    0.97614121437072754,
    0.46402984857559204,
    0.07197059690952301,
    -0.97556227445602417,
    0.20760186016559601,
    0.11078278720378876,
    0,
    0,
    0,
    0.99999994039535522
  ]
}