{
  "time" : 942389.01893650019,
  "averageAngularVelocity" : 0.025577804073691368,
  "motionQuality" : 0.99269205331802368,
  "cameraGrain" : 0,
  "cameraPoseARFrame" : [
    0.99724769592285156,
    0.062979929149150848,
    -0.039122030138969421,
    -0.093091428279876709,
    0.017685141414403915,
    0.31037044525146484,
    0.95045119524002075,
    0.46259081363677979,
    0.072001621127128601,
    -0.94852715730667114,
    0.308402419090271,
    0.1344953328371048,
    0,
    0,
    0,
    0.99999994039535522
  ],
  "intrinsics" : [
    1454.364990234375,
    0,
    972.2213134765625,
    0,
    1454.364990234375,
    710.83868408203125,
    0,
    0,
    1
  ],
  "projectionMatrix" : [
    1.5149635076522827,
    0,
    -0.013251423835754395,
    0,
    0,
    2.019951343536377,
    -0.012029647827148438,
    0,
    0,
    0,
    -0.9999997615814209,
    -0.00099999981466680765,
    0,
    0,
    -1,
    0
  ],
  "frame_index" : 3,
  "averageVelocity" : 0.0096716694533824921,
  "exposureDuration" : 0.016393441706895828
}