{
  "projectionMatrix" : [
    1.5156285762786865,
    0,
    -0.0079243183135986328,
    0,
    0,
    2.0208380222320557,
    -0.0083109140396118164,
    0,
    0,
    0,
    -0.9999997615814209,
    -0.00099999981466680765,
    0,
    0,
    -1,
    0
  ],
  "frame_index" : 21,
  "time" : 942398.1401357085,
  "intrinsics" : [
    1455.00341796875,
    0,
    967.10736083984375,
    0,
    1455.00341796875,
    713.51611328125,
    0,
    0,
    1
  ],
  "averageAngularVelocity" : 0,
  "averageVelocity" : 0.018357636407017708,
  "cameraGrain" : 0,
  "exposureDuration" : 0.016393441706895828,
  "cameraPoseARFrame" : [
    0.98954659700393677,
    0.040178824216127396,
    0.1385023295879364,
    0.011245535686612129,
    -0.14409016072750092,
    0.2359175831079483,
    0.96103107929229736,
    0.45508545637130737,
    0.0059379134327173233,
    -0.97094196081161499,
    0.23924088478088379,
    0.13859246671199799,
    0,
    0,
    0,
    0.99999994039535522
  ],
  "motionQuality" : 0.98605495691299438
}