{
  "intrinsics" : [
    1455.335693359375,
    0,
    978.97900390625,
    0,
    1455.335693359375,
    712.37261962890625,
    0,
    0,
    1
  ],
  "exposureDuration" : 0.016393441706895828,
  "frame_index" : 11,
  "motionQuality" : 0.98229002952575684,
  "averageAngularVelocity" : 0,
  "projectionMatrix" : [
    1.5159746408462524,
    0,
    -0.020290613174438477,
    0,
    0,
    2.0212996006011963,
    -0.009899139404296875,
    0,
    0,
    0,
    -0.9999997615814209,
    -0.00099999981466680765,
    0,
    0,
    -1,
    0
  ],
  "time" : 942393.09288933349,
  "averageVelocity" : 0.060551192611455917,
  "cameraGrain" : 0,
  "cameraPoseARFrame" : [
    0.96317571401596069,
    0.04242653027176857,
    -0.26550397276878357,
    -0.23886071145534515,
    0.24687312543392181,
    0.25165286660194397,
    0.93580150604248047,
    0.43556839227676392,
    0.10651762038469315,
    -0.96688711643218994,
    0.23191200196743011,
    0.11542728543281555,
    0,
    0,
    0,
    0.99999994039535522
  ]
}