{
  "cameraGrain" : 0,
  "projectionMatrix" : [
    1.5160448551177979,
    0,
    -0.016082882881164551,
    0,
    0,
    2.0213930606842041,
    -0.010789275169372559,
    0,
    0,
    0,
    -0.9999997615814209,
    -0.00099999981466680765,
    0,
    0,
    -1,
    0
  ],
  "time" : 942392.09047745855,
  "frame_index" : 9,
  "cameraPoseARFrame" : [
    0.98677200078964233,
    0.037975400686264038,
    -0.15760266780853271,
    -0.17197054624557495,
    0.14142885804176331,
    0.27351942658424377,
    0.95141202211380005,
    0.43470746278762817,
    0.079237654805183411,
    -0.96111643314361572,
    0.26453056931495667,
    0.12668861448764801,
    0,
    0,
    0,
    0.99999982118606567
  ],
  "motionQuality" : 0.97289848327636719,
  "exposureDuration" : 0.016393441706895828,
  "intrinsics" : [
    1455.403076171875,
    0,
    974.93951416015625,
    0,
    1455.403076171875,
    711.731689453125,
    0,
    0,
    1
  ],
  "averageVelocity" : 0.059085100889205933,
  "averageAngularVelocity" : 0.094855345785617828
}