{
  "projectionMatrix" : [
    1.5159529447555542,
    0,
    -0.013395428657531738,
    0,
    0,
    2.0212705135345459,
    -0.011193275451660156,
    0,
    0,
    0,
    -0.9999997615814209,
    -0.00099999981466680765,
    0,
    0,
    -1,
    0
  ],
  "averageVelocity" : 0.043210558593273163,
  "frame_index" : 7,
  "averageAngularVelocity" : 0,
  "intrinsics" : [
    1455.3148193359375,
    0,
    972.359619140625,
    0,
    1455.3148193359375,
    711.44085693359375,
    0,
    0,
    1
  ],
  "time" : 942391.0556293336,
  "exposureDuration" : 0.016393441706895828,
  "cameraGrain" : 0,
  "cameraPoseARFrame" : [
    0.9956735372543335,
    0.062136996537446976,
    -0.069086231291294098,
    -0.12030789256095886,
    0.048690143972635269,
    0.28435924649238586,
    0.95748054981231689,
    0.43608152866363525,
    0.079140268266201019,
    -0.95670199394226074,
    0.28010359406471252,
    0.13044030964374542,
    0,
    0,
    0,
    0.99999988079071045
  ],
  "motionQuality" : 0.97411584854125977
}