{
  "motionQuality" : 0.98539012670516968,
  "averageAngularVelocity" : 0,
  "cameraPoseARFrame" : [
    0.97085189819335938,
    -0.11534219235181808,
    -0.21010157465934753,
    -0.17786763608455658,
    0.23089852929115295,
    0.2149827778339386,
    0.94893002510070801,
    0.51321595907211304,
    -0.064283430576324463,
    -0.96978271007537842,
    0.23534880578517914,
    0.13786593079566956,
    0,
    0,
    0,
    0.99999994039535522
  ],
  "averageVelocity" : 0.051134593784809113,
  "frame_index" : 19,
  "exposureDuration" : 0.016393441706895828,
  "projectionMatrix" : [
    1.5135794878005981,
    0,
    -0.019542336463928223,
    0,
    0,
    2.0181059837341309,
    -0.0076873302459716797,
    0,
    0,
    0,
    -0.9999997615814209,
    -0.00099999981466680765,
    0,
    0,
    -1,
    0
  ],
  "intrinsics" : [
    1453.0362548828125,
    0,
    978.26068115234375,
    0,
    1453.0362548828125,
    713.96514892578125,
    0,
    0,
    1
  ],
  "time" : 942358.91593266686,
  "cameraGrain" : 0
}