{
  "averageVelocity" : 0.10335703939199448,
  "frame_index" : 49,
  "exposureDuration" : 0.016393441706895828,
  "motionQuality" : 0.95584690570831299,
  "projectionMatrix" : [
    1.5145634412765503,
    0,
    -0.01078951358795166,
    0,
    0,
    2.0194180011749268,
    -0.0064798593521118164,
    0,
    0,
    0,
    -0.9999997615814209,
    -0.00099999981466680765,
    0,
    0,
    -1,
    0
  ],
  "averageAngularVelocity" : 0.1545359343290329,
  "cameraGrain" : 0,
  "time" : 942363.9964992085,
  "cameraPoseARFrame" : [
    0.99335432052612305,
    0.0095259323716163635,
    0.11470276862382889,
    0.034020662307739258,
    -0.11457034945487976,
    0.17712052166461945,
    0.97749787569046021,
    0.51791900396347046,
    -0.011004614643752575,
    -0.98414313793182373,
    0.17703481018543243,
    0.13323202729225159,
    0,
    0,
    0,
    1
  ],
  "intrinsics" : [
    1453.98095703125,
    0,
    969.85791015625,
    0,
    1453.98095703125,
    714.83453369140625,
    0,
    0,
    1
  ]
}