{
  "cameraPoseARFrame" : [
    0.9980434775352478,
    -0.035964000970125198,
    -0.0511460080742836,
    -0.047833926975727081,
    0.055214498192071915,
    0.12313111126422882,
    0.99085330963134766,
    0.63976150751113892,
    -0.029337359592318535,
    -0.99173861742019653,
    0.12487594038248062,
    0.11988275498151779,
    0,
    0,
    0,
    1
  ],
  "time" : 942369.17855850025,
  "averageVelocity" : 0.05058572068810463,
  "motionQuality" : 0.98554694652557373,
  "frame_index" : 79,
  "averageAngularVelocity" : 0.012574534863233566,
  "projectionMatrix" : [
    1.5111358165740967,
    0,
    -0.013889312744140625,
    0,
    0,
    2.0148477554321289,
    -0.0031447410583496094,
    0,
    0,
    0,
    -0.9999997615814209,
    -0.00099999981466680765,
    0,
    0,
    -1,
    0
  ],
  "intrinsics" : [
    1450.6904296875,
    0,
    972.833740234375,
    0,
    1450.6904296875,
    717.23577880859375,
    0,
    0,
    1
  ],
  "exposureDuration" : 0.016393441706895828,
  "cameraGrain" : 0
}