{
  "motionQuality" : 0.94600170850753784,
  "cameraPoseARFrame" : [
    0.99827837944030762,
    -0.030324984341859818,
    -0.050209242850542068,
    -0.071434229612350464,
    0.055353045463562012,
    0.20383375883102417,
    0.9774395227432251,
    0.52066189050674438,
    -0.01940649189054966,
    -0.97853583097457886,
    0.20516140758991241,
    0.12577536702156067,
    0,
    0,
    0,
    0.99999994039535522
  ],
  "averageAngularVelocity" : 0.18899396061897278,
  "averageVelocity" : 0,
  "cameraGrain" : 0,
  "projectionMatrix" : [
    1.5141255855560303,
    0,
    -0.01644587516784668,
    0,
    0,
    2.018834114074707,
    -0.0072019100189208984,
    0,
    0,
    0,
    -0.9999997615814209,
    -0.00099999981466680765,
    0,
    0,
    -1,
    0
  ],
  "time" : 942362.99553208356,
  "intrinsics" : [
    1453.560546875,
    0,
    975.28802490234375,
    0,
    1453.560546875,
    714.31463623046875,
    0,
    0,
    1
  ],
  "frame_index" : 43,
  "exposureDuration" : 0.016393441706895828
}