{
  "averageVelocity" : 0.12570926547050476,
  "frame_index" : 47,
  "exposureDuration" : 0.016393441706895828,
  "motionQuality" : 0.94652020931243896,
  "projectionMatrix" : [
    1.5141526460647583,
    0,
    -0.012759566307067871,
    0,
    0,
    2.0188701152801514,
    -0.0068988800048828125,
    0,
    0,
    0,
    -0.9999997615814209,
    -0.00099999981466680765,
    0,
    0,
    -1,
    0
  ],
  "averageAngularVelocity" : 0.18717919290065765,
  "cameraGrain" : 0,
  "time" : 942363.69640170853,
  "cameraPoseARFrame" : [
    0.99813705682754517,
    -0.0095122763887047768,
    0.060267377644777298,
    0.0020226496271789074,
    -0.057317789644002914,
    0.19236400723457336,
    0.9796484112739563,
    0.52205103635787964,
    -0.02091195248067379,
    -0.98127764463424683,
    0.19146041572093964,
    0.13086827099323273,
    0,
    0,
    0,
    1
  ],
  "intrinsics" : [
    1453.5865478515625,
    0,
    971.7491455078125,
    0,
    1453.5865478515625,
    714.53277587890625,
    0,
    0,
    1
  ]
}