{
  "exposureDuration" : 0.016393441706895828,
  "cameraPoseARFrame" : [
    0.99805188179016113,
    -0.035340305417776108,
    -0.051414456218481064,
    -0.053317327052354813,
    0.0557364821434021,
    0.13478276133537292,
    0.98930633068084717,
    0.5802915096282959,
    -0.028032600879669189,
    -0.99024474620819092,
    0.13648995757102966,
    0.1079828068614006,
    0,
    0,
    0,
    0.99999988079071045
  ],
  "time" : 942369.88088408357,
  "motionQuality" : 0.97339034080505371,
  "intrinsics" : [
    1451.3028564453125,
    0,
    973.16900634765625,
    0,
    1451.3028564453125,
    716.98272705078125,
    0,
    0,
    1
  ],
  "frame_index" : 83,
  "projectionMatrix" : [
    1.5117738246917725,
    0,
    -0.014238595962524414,
    0,
    0,
    2.0156984329223633,
    -0.0034961700439453125,
    0,
    0,
    0,
    -0.9999997615814209,
    -0.00099999981466680765,
    0,
    0,
    -1,
    0
  ],
  "averageVelocity" : 0.093133740127086639,
  "averageAngularVelocity" : 0.075739085674285889,
  "cameraGrain" : 0
}