{
  "motionQuality" : 0.98839288949966431,
  "intrinsics" : [
    1454.0277099609375,
    0,
    973.15496826171875,
    0,
    1454.0277099609375,
    717.5430908203125,
    0,
    0,
    1
  ],
  "projectionMatrix" : [
    1.5146121978759766,
    0,
    -0.014223933219909668,
    0,
    0,
    2.0194828510284424,
    -0.0027179718017578125,
    0,
    0,
    0,
    -0.9999997615814209,
    -0.00099999981466680765,
    0,
    0,
    -1,
    0
  ],
  "averageVelocity" : 0.027187548577785492,
  "frame_index" : 90,
  "time" : 942371.01551991689,
  "cameraGrain" : 0,
  "exposureDuration" : 0.016393441706895828,
  "cameraPoseARFrame" : [
    0.99828267097473145,
    -0.016607269644737244,
    -0.056176707148551941,
    -0.054109189659357071,
    0.057639516890048981,
    0.10731253772974014,
    0.99255311489105225,
    0.48757898807525635,
    -0.010455112904310226,
    -0.99408656358718872,
    0.10808549821376801,
    0.084600850939750671,
    0,
    0,
    0,
    0.99999988079071045
  ],
  "averageAngularVelocity" : 0.040624849498271942
}