{
  "cameraGrain" : 0,
  "cameraPoseARFrame" : [
    0.9934343695640564,
    -0.072310797870159149,
    -0.088653847575187683,
    -0.083725571632385254,
    0.10280714184045792,
    0.22429949045181274,
    0.96908235549926758,
    0.52113580703735352,
    -0.050190091133117676,
    -0.97183388471603394,
    0.23026087880134583,
    0.1221177875995636,
    0,
    0,
    0,
    1
  ],
  "motionQuality" : 0.99113583564758301,
  "time" : 942357.07753620856,
  "frame_index" : 8,
  "intrinsics" : [
    1453.51904296875,
    0,
    974.7098388671875,
    0,
    1453.51904296875,
    714.00537109375,
    0,
    0,
    1
  ],
  "averageAngularVelocity" : 0,
  "projectionMatrix" : [
    1.5140823125839233,
    0,
    -0.015843629837036133,
    0,
    0,
    2.0187764167785645,
    -0.0076314210891723633,
    0,
    0,
    0,
    -0.9999997615814209,
    -0.00099999981466680765,
    0,
    0,
    -1,
    0
  ],
  "exposureDuration" : 0.016393441706895828,
  "averageVelocity" : 0
}