{
  "averageVelocity" : 0.088234275579452515,
  "exposureDuration" : 0.016393441706895828,
  "projectionMatrix" : [
    1.5146175622940063,
    0,
    -0.0087676048278808594,
    0,
    0,
    2.0194900035858154,
    -0.0059877634048461914,
    0,
    0,
    0,
    -0.9999997615814209,
    -0.00099999981466680765,
    0,
    0,
    -1,
    0
  ],
  "cameraPoseARFrame" : [
    0.99061024188995361,
    0.024861205369234085,
    0.1344369500875473,
    0.058934159576892853,
    -0.1367163360118866,
    0.18087241053581238,
    0.97395789623260498,
    0.50631999969482422,
    -0.00010214955545961857,
    -0.98319244384765625,
    0.18257302045822144,
    0.12748339772224426,
    0,
    0,
    0,
    1
  ],
  "motionQuality" : 0.97479021549224854,
  "time" : 942364.29929495859,
  "intrinsics" : [
    1454.0328369140625,
    0,
    967.9168701171875,
    0,
    1454.0328369140625,
    715.1888427734375,
    0,
    0,
    1
  ],
  "cameraGrain" : 0,
  "frame_index" : 51,
  "averageAngularVelocity" : 0
}