{
  "time" : 942356.07519620855,
  "frame_index" : 2,
  "cameraPoseARFrame" : [
    0.99399572610855103,
    -0.067472301423549652,
    -0.086139090359210968,
    -0.085984468460083008,
    0.099168427288532257,
    0.22283917665481567,
    0.96979820728302002,
    0.51453346014022827,
    -0.046239327639341354,
    -0.97251760959625244,
    0.22819234430789948,
    0.11772622913122177,
    0,
    0,
    0,
    1
  ],
  "intrinsics" : [
    1453.9654541015625,
    0,
    974.7398681640625,
    0,
    1453.9654541015625,
    713.93408203125,
    0,
    0,
    1
  ],
  "motionQuality" : 0.99773257970809937,
  "cameraGrain" : 0,
  "averageVelocity" : 0,
  "exposureDuration" : 0.016393441706895828,
  "averageAngularVelocity" : 0.0079360697418451309,
  "projectionMatrix" : [
    1.5145473480224609,
    0,
    -0.015874862670898438,
    0,
    0,
    2.0193965435028076,
    -0.0077304840087890625,
    0,
    0,
    0,
    -0.9999997615814209,
    -0.00099999981466680765,
    0,
    0,
    -1,
    0
  ]
}