{
  "motionQuality" : 0.97462707757949829,
  "projectionMatrix" : [
    1.5130388736724854,
    0,
    -0.012458682060241699,
    0,
    0,
    2.0173852443695068,
    -0.0032932758331298828,
    0,
    0,
    0,
    -0.9999997615814209,
    -0.00099999981466680765,
    0,
    0,
    -1,
    0
  ],
  "averageVelocity" : 0.086068898439407349,
  "cameraGrain" : 0,
  "time" : 942367.40644708357,
  "frame_index" : 69,
  "intrinsics" : [
    1452.517333984375,
    0,
    971.4603271484375,
    0,
    1452.517333984375,
    717.12884521484375,
    0,
    0,
    1
  ],
  "cameraPoseARFrame" : [
    0.99876070022583008,
    -0.038510635495185852,
    -0.031529705971479416,
    -0.041915722191333771,
    0.035838667303323746,
    0.1168777272105217,
    0.99249953031539917,
    0.59028935432434082,
    -0.034536641091108322,
    -0.99239945411682129,
    0.11811304837465286,
    0.11135700345039368,
    0,
    0,
    0,
    1
  ],
  "averageAngularVelocity" : 0.0888051837682724,
  "exposureDuration" : 0.016393441706895828
}