{
  "time" : 942366.10325308354,
  "exposureDuration" : 0.016393441706895828,
  "intrinsics" : [
    1455.3822021484375,
    0,
    963.55291748046875,
    0,
    1455.3822021484375,
    715.769287109375,
    0,
    0,
    1
  ],
  "projectionMatrix" : [
    1.5160231590270996,
    0,
    -0.004221796989440918,
    0,
    0,
    2.0213642120361328,
    -0.0051815509796142578,
    0,
    0,
    0,
    -0.9999997615814209,
    -0.00099999981466680765,
    0,
    0,
    -1,
    0
  ],
  "cameraPoseARFrame" : [
    0.98649197816848755,
    0.0090679377317428589,
    0.16355879604816437,
    0.078596822917461395,
    -0.16270044445991516,
    0.17025139927864075,
    0.97187614440917969,
    0.48387035727500916,
    -0.019033188000321388,
    -0.98535913228988647,
    0.16942700743675232,
    0.10691849887371063,
    0,
    0,
    0,
    1.0000001192092896
  ],
  "cameraGrain" : 0,
  "frame_index" : 61,
  "motionQuality" : 0.93427574634552002,
  "averageVelocity" : 0.12154816836118698,
  "averageAngularVelocity" : 0.23003478348255157
}