{
  "cameraGrain" : 0,
  "frame_index" : 24,
  "cameraPoseARFrame" : [
    0.95886373519897461,
    -0.10272340476512909,
    -0.26462870836257935,
    -0.20652931928634644,
    0.27992120385169983,
    0.1872706264257431,
    0.94158053398132324,
    0.49397638440132141,
    -0.047165170311927795,
    -0.97692251205444336,
    0.20832148194313049,
    0.13516376912593842,
    0,
    0,
    0,
    1.0000001192092896
  ],
  "time" : 942359.6855076669,
  "motionQuality" : 0.98454749584197998,
  "averageAngularVelocity" : 0,
  "projectionMatrix" : [
    1.514066219329834,
    0,
    -0.021348714828491211,
    0,
    0,
    2.0187549591064453,
    -0.006926417350769043,
    0,
    0,
    0,
    -0.9999997615814209,
    -0.00099999981466680765,
    0,
    0,
    -1,
    0
  ],
  "intrinsics" : [
    1453.5035400390625,
    0,
    979.99481201171875,
    0,
    1453.5035400390625,
    714.512939453125,
    0,
    0,
    1
  ],
  "averageVelocity" : 0.054083820432424545,
  "exposureDuration" : 0.016393441706895828
}