{
  "cameraGrain" : 0,
  "cameraPoseARFrame" : [
    0.94515639543533325,
    -0.11077510565519333,
    -0.30725964903831482,
    -0.22794702649116516,
    0.32345300912857056,
    0.18679749965667725,
    0.92762333154678345,
    0.48079729080200195,
    -0.045362222939729691,
    -0.97613310813903809,
    0.21238340437412262,
    0.12922559678554535,
    0,
    0,
    0,
    1
  ],
  "motionQuality" : 0.95732474327087402,
  "projectionMatrix" : [
    1.514039158821106,
    0,
    -0.022299647331237793,
    0,
    0,
    2.0187187194824219,
    -0.0064195394515991211,
    0,
    0,
    0,
    -0.9999997615814209,
    -0.00099999981466680765,
    0,
    0,
    -1,
    0
  ],
  "intrinsics" : [
    1453.4775390625,
    0,
    980.90771484375,
    0,
    1453.4775390625,
    714.8779296875,
    0,
    0,
    1
  ],
  "time" : 942360.12102991692,
  "averageAngularVelocity" : 0.14936333894729614,
  "frame_index" : 26,
  "averageVelocity" : 0.064381197094917297,
  "exposureDuration" : 0.016393441706895828
}