{
  "cameraPoseARFrame" : [
    0.99743688106536865,
    -0.037780672311782837,
    -0.060764901340007782,
    -0.048057448118925095,
    0.06501324474811554,
    0.12384845316410065,
    0.9901692271232605,
    0.62377077341079712,
    -0.029883593320846558,
    -0.99158173799514771,
    0.12598726153373718,
    0.1178995668888092,
    0,
    0,
    0,
    1
  ],
  "time" : 942369.37960958353,
  "averageVelocity" : 0.082455657422542572,
  "motionQuality" : 0.97644126415252686,
  "frame_index" : 80,
  "averageAngularVelocity" : 0.026342233642935753,
  "projectionMatrix" : [
    1.5111682415008545,
    0,
    -0.013984322547912598,
    0,
    0,
    2.0148911476135254,
    -0.0033167600631713867,
    0,
    0,
    0,
    -0.9999997615814209,
    -0.00099999981466680765,
    0,
    0,
    -1,
    0
  ],
  "intrinsics" : [
    1450.7215576171875,
    0,
    972.9249267578125,
    0,
    1450.7215576171875,
    717.1119384765625,
    0,
    0,
    1
  ],
  "exposureDuration" : 0.016393441706895828,
  "cameraGrain" : 0
}