{
  "motionQuality" : 0.96909505128860474,
  "averageAngularVelocity" : 0.1081673726439476,
  "cameraPoseARFrame" : [
    0.95420330762863159,
    -0.10979839414358139,
    -0.27828124165534973,
    -0.21912173926830292,
    0.29498648643493652,
    0.19051066040992737,
    0.93631660938262939,
    0.48923438787460327,
    -0.049790501594543457,
    -0.9755256175994873,
    0.21417495608329773,
    0.13265073299407959,
    0,
    0,
    0,
    0.99999994039535522
  ],
  "averageVelocity" : 0,
  "frame_index" : 25,
  "exposureDuration" : 0.016393441706895828,
  "projectionMatrix" : [
    1.5140445232391357,
    0,
    -0.021748661994934082,
    0,
    0,
    2.018726110458374,
    -0.0064121484756469727,
    0,
    0,
    0,
    -0.9999997615814209,
    -0.00099999981466680765,
    0,
    0,
    -1,
    0
  ],
  "intrinsics" : [
    1453.4827880859375,
    0,
    980.378662109375,
    0,
    1453.4827880859375,
    714.88323974609375,
    0,
    0,
    1
  ],
  "time" : 942359.91940741683,
  "cameraGrain" : 0
}