{
  "cameraPoseARFrame" : [
    0.99825996160507202,
    -0.030732270330190659,
    -0.050326749682426453,
    -0.047243464738130569,
    0.053835753351449966,
    0.12672919034957886,
    0.99047541618347168,
    0.65062099695205688,
    -0.024061679840087891,
    -0.99146133661270142,
    0.12816315889358521,
    0.11865425109863281,
    0,
    0,
    0,
    1
  ],
  "time" : 942368.9450449585,
  "averageVelocity" : 0,
  "motionQuality" : 0.98996055126190186,
  "frame_index" : 78,
  "averageAngularVelocity" : 0.035138145089149475,
  "projectionMatrix" : [
    1.5111900568008423,
    0,
    -0.01386868953704834,
    0,
    0,
    2.0149199962615967,
    -0.0031325817108154297,
    0,
    0,
    0,
    -0.9999997615814209,
    -0.00099999981466680765,
    0,
    0,
    -1,
    0
  ],
  "intrinsics" : [
    1450.742431640625,
    0,
    972.81390380859375,
    0,
    1450.742431640625,
    717.2445068359375,
    0,
    0,
    1
  ],
  "exposureDuration" : 0.016393441706895828,
  "cameraGrain" : 0
}