{
  "averageAngularVelocity" : 0.015568003989756107,
  "intrinsics" : [
    1453.9239501953125,
    0,
    982.8896484375,
    0,
    1453.9239501953125,
    715.2733154296875,
    0,
    0,
    1
  ],
  "exposureDuration" : 0.016393441706895828,
  "averageVelocity" : 0,
  "frame_index" : 30,
  "cameraGrain" : 0,
  "cameraPoseARFrame" : [
    0.94134891033172607,
    -0.11511121690273285,
    -0.31719374656677246,
    -0.24057967960834503,
    0.33375319838523865,
    0.17914016544818878,
    0.92548245191574097,
    0.46889150142669678,
    -0.049711253494024277,
    -0.9770662784576416,
    0.20705215632915497,
    0.12524881958961487,
    0,
    0,
    0,
    1
  ],
  "projectionMatrix" : [
    1.514504075050354,
    0,
    -0.024364233016967773,
    0,
    0,
    2.019338846206665,
    -0.0058703422546386719,
    0,
    0,
    0,
    -0.9999997615814209,
    -0.00099999981466680765,
    0,
    0,
    -1,
    0
  ],
  "time" : 942360.72089454182,
  "motionQuality" : 0.99555200338363647
}