{
  "averageVelocity" : 0.1179056316614151,
  "frame_index" : 48,
  "exposureDuration" : 0.016393441706895828,
  "motionQuality" : 0.94442111253738403,
  "projectionMatrix" : [
    1.5140769481658936,
    0,
    -0.012274980545043945,
    0,
    0,
    2.0187692642211914,
    -0.0070035457611083984,
    0,
    0,
    0,
    -0.9999997615814209,
    -0.00099999981466680765,
    0,
    0,
    -1,
    0
  ],
  "averageAngularVelocity" : 0.19452610611915588,
  "cameraGrain" : 0,
  "time" : 942363.79606308357,
  "cameraPoseARFrame" : [
    0.99688339233398438,
    -0.0046364585869014263,
    0.078752964735031128,
    0.013545769266784191,
    -0.076469257473945618,
    0.18857306241989136,
    0.97907757759094238,
    0.52099663019180298,
    -0.019390109926462173,
    -0.98204833269119263,
    0.18763083219528198,
    0.1320943683385849,
    0,
    0,
    0,
    1
  ],
  "intrinsics" : [
    1453.513916015625,
    0,
    971.28399658203125,
    0,
    1453.513916015625,
    714.45745849609375,
    0,
    0,
    1
  ]
}