{
  "motionQuality" : 0.9906691312789917,
  "intrinsics" : [
    1451.20947265625,
    0,
    972.80523681640625,
    0,
    1451.20947265625,
    717.39813232421875,
    0,
    0,
    1
  ],
  "exposureDuration" : 0.016393441706895828,
  "cameraPoseARFrame" : [
    0.99781280755996704,
    -0.041645195335149765,
    -0.051337830722332001,
    -0.051220741122961044,
    0.056009478867053986,
    0.12010893970727921,
    0.99117958545684814,
    0.64810663461685181,
    -0.035111721605062485,
    -0.99188697338104248,
    0.12217875570058823,
    0.1180829256772995,
    0,
    0,
    0,
    1.0000001192092896
  ],
  "averageAngularVelocity" : 0,
  "cameraGrain" : 0,
  "time" : 942368.30973241688,
  "frame_index" : 74,
  "averageVelocity" : 0,
  "projectionMatrix" : [
    1.511676549911499,
    0,
    -0.01385962963104248,
    0,
    0,
    2.015568733215332,
    -0.002919316291809082,
    0,
    0,
    0,
    -0.9999997615814209,
    -0.00099999981466680765,
    0,
    0,
    -1,
    0
  ]
}