{
  "cameraGrain" : 0,
  "exposureDuration" : 0.016393441706895828,
  "time" : 942365.23393916688,
  "projectionMatrix" : [
    1.5155907869338989,
    0,
    -0.0049065351486206055,
    0,
    0,
    2.0207877159118652,
    -0.0049383640289306641,
    0,
    0,
    0,
    -0.9999997615814209,
    -0.00099999981466680765,
    0,
    0,
    -1,
    0
  ],
  "frame_index" : 56,
  "averageAngularVelocity" : 0.071019917726516724,
  "cameraPoseARFrame" : [
    0.97138869762420654,
    0.050288055092096329,
    0.23211035132408142,
    0.1129889041185379,
    -0.23734107613563538,
    0.17031843960285187,
    0.95637911558151245,
    0.46772804856300354,
    0.0085617871955037117,
    -0.98410516977310181,
    0.17738081514835358,
    0.10532719641923904,
    0,
    0,
    0,
    0.99999994039535522
  ],
  "intrinsics" : [
    1454.9671630859375,
    0,
    964.2103271484375,
    0,
    1454.9671630859375,
    715.9443359375,
    0,
    0,
    1
  ],
  "motionQuality" : 0.97970861196517944,
  "averageVelocity" : 0.05919172614812851
}