{
  "motionQuality" : 0.952137291431427,
  "cameraPoseARFrame" : [
    0.99914306402206421,
    -0.040209356695413589,
    -0.0098214186728000641,
    -0.046389020979404449,
    0.018222590908408165,
    0.21426144242286682,
    0.97660648822784424,
    0.52484476566314697,
    -0.037164349108934402,
    -0.97594845294952393,
    0.2148105651140213,
    0.128372922539711,
    0,
    0,
    0,
    1
  ],
  "averageAngularVelocity" : 0.16751945018768311,
  "averageVelocity" : 0.095947332680225372,
  "cameraGrain" : 0,
  "projectionMatrix" : [
    1.5145202875137329,
    0,
    -0.01478421688079834,
    0,
    0,
    2.0193603038787842,
    -0.0067502260208129883,
    0,
    0,
    0,
    -0.9999997615814209,
    -0.00099999981466680765,
    0,
    0,
    -1,
    0
  ],
  "frame_index" : 45,
  "intrinsics" : [
    1453.939453125,
    0,
    973.69287109375,
    0,
    1453.939453125,
    714.63983154296875,
    0,
    0,
    1
  ],
  "time" : 942363.26274487516,
  "exposureDuration" : 0.016393441706895828
}