{
  "motionQuality" : 0.98111295700073242,
  "projectionMatrix" : [
    1.5116441249847412,
    0,
    -0.01378321647644043,
    0,
    0,
    2.0155255794525146,
    -0.0029208660125732422,
    0,
    0,
    0,
    -0.9999997615814209,
    -0.00099999981466680765,
    0,
    0,
    -1,
    0
  ],
  "frame_index" : 73,
  "time" : 942368.10881404183,
  "averageVelocity" : 0,
  "cameraGrain" : 0,
  "exposureDuration" : 0.016393441706895828,
  "intrinsics" : [
    1451.1783447265625,
    0,
    972.73187255859375,
    0,
    1451.1783447265625,
    717.39697265625,
    0,
    0,
    1
  ],
  "cameraPoseARFrame" : [
    0.99835163354873657,
    -0.036073256283998489,
    -0.044641163200139999,
    -0.052306227385997772,
    0.04876977950334549,
    0.12312170118093491,
    0.99119257926940918,
    0.64224725961685181,
    -0.030259231105446815,
    -0.99173581600189209,
    0.12467803806066513,
    0.11388618499040604,
    0,
    0,
    0,
    1
  ],
  "averageAngularVelocity" : 0.062255024909973145
}