{
  "intrinsics" : [
    1453.4722900390625,
    0,
    973.09539794921875,
    0,
    1453.4722900390625,
    717.1441650390625,
    0,
    0,
    1
  ],
  "projectionMatrix" : [
    1.5140336751937866,
    0,
    -0.014161825180053711,
    0,
    0,
    2.0187115669250488,
    -0.003271937370300293,
    0,
    0,
    0,
    -0.9999997615814209,
    -0.00099999981466680765,
    0,
    0,
    -1,
    0
  ],
  "motionQuality" : 0.97798866033554077,
  "averageAngularVelocity" : 0.046335924416780472,
  "cameraGrain" : 0,
  "exposureDuration" : 0.016393441706895828,
  "averageVelocity" : 0.07703959196805954,
  "frame_index" : 88,
  "cameraPoseARFrame" : [
    0.99796700477600098,
    -0.022164775058627129,
    -0.059755332767963409,
    -0.054288070648908615,
    0.061985928565263748,
    0.11948768049478531,
    0.99089878797531128,
    0.50532561540603638,
    -0.01482301764190197,
    -0.9925883412361145,
    0.12061866372823715,
    0.085894554853439331,
    0,
    0,
    0,
    0.99999994039535522
  ],
  "time" : 942370.68306662526
}