{
  "frame_index" : 36,
  "exposureDuration" : 0.016393441706895828,
  "motionQuality" : 0.94172829389572144,
  "cameraPoseARFrame" : [
    0.96851682662963867,
    -0.096203461289405823,
    -0.22960880398750305,
    -0.19730041921138763,
    0.24482551217079163,
    0.20091411471366882,
    0.94852209091186523,
    0.49517089128494263,
    -0.045119434595108032,
    -0.97487360239028931,
    0.21814174950122833,
    0.12773542106151581,
    0,
    0,
    0,
    1
  ],
  "cameraGrain" : 0,
  "averageVelocity" : 0.09735175222158432,
  "time" : 942361.75693045859,
  "averageAngularVelocity" : 0.20395100116729736,
  "projectionMatrix" : [
    1.5149960517883301,
    0,
    -0.023377299308776855,
    0,
    0,
    2.0199947357177734,
    -0.0062798261642456055,
    0,
    0,
    0,
    -0.9999997615814209,
    -0.00099999981466680765,
    0,
    0,
    -1,
    0
  ],
  "intrinsics" : [
    1454.396240234375,
    0,
    981.94219970703125,
    0,
    1454.396240234375,
    714.978515625,
    0,
    0,
    1
  ]
}