{
  "cameraGrain" : 0,
  "exposureDuration" : 0.016393441706895828,
  "averageVelocity" : 0.055115591734647751,
  "intrinsics" : [
    1453.5035400390625,
    0,
    974.734619140625,
    0,
    1453.5035400390625,
    714.00054931640625,
    0,
    0,
    1
  ],
  "time" : 942357.6805988336,
  "frame_index" : 12,
  "cameraPoseARFrame" : [
    0.98769712448120117,
    -0.095528207719326019,
    -0.12380942702293396,
    -0.099076591432094574,
    0.14236856997013092,
    0.22175534069538116,
    0.96465319395065308,
    0.52248352766036987,
    -0.064696177840232849,
    -0.97041171789169312,
    0.23262733221054077,
    0.12598979473114014,
    0,
    0,
    0,
    0.99999988079071045
  ],
  "projectionMatrix" : [
    1.514066219329834,
    0,
    -0.015869379043579102,
    0,
    0,
    2.0187549591064453,
    -0.007638096809387207,
    0,
    0,
    0,
    -0.9999997615814209,
    -0.00099999981466680765,
    0,
    0,
    -1,
    0
  ],
  "motionQuality" : 0.96788841485977173,
  "averageAngularVelocity" : 0.11239045113325119
}