{
  "cameraGrain" : 0,
  "exposureDuration" : 0.016393441706895828,
  "time" : 942365.33440225024,
  "projectionMatrix" : [
    1.5155421495437622,
    0,
    -0.0046293735504150391,
    0,
    0,
    2.0207228660583496,
    -0.0048747062683105469,
    0,
    0,
    0,
    -0.9999997615814209,
    -0.00099999981466680765,
    0,
    0,
    -1,
    0
  ],
  "frame_index" : 57,
  "averageAngularVelocity" : 0.023548867553472519,
  "cameraPoseARFrame" : [
    0.97079098224639893,
    0.060853224247694016,
    0.23208144307136536,
    0.11639267951250076,
    -0.23912240564823151,
    0.16625398397445679,
    0.95665043592453003,
    0.4657706618309021,
    0.019630825147032738,
    -0.9842035174369812,
    0.17594924569129944,
    0.10300439596176147,
    0,
    0,
    0,
    0.99999994039535522
  ],
  "intrinsics" : [
    1454.92041015625,
    0,
    963.94415283203125,
    0,
    1454.92041015625,
    715.990234375,
    0,
    0,
    1
  ],
  "motionQuality" : 0.98700648546218872,
  "averageVelocity" : 0.045477315783500671
}