{
  "frame_index" : 18,
  "projectionMatrix" : [
    1.5140175819396973,
    0,
    -0.018548965454101562,
    0,
    0,
    2.0186901092529297,
    -0.0074112415313720703,
    0,
    0,
    0,
    -0.9999997615814209,
    -0.00099999981466680765,
    0,
    0,
    -1,
    0
  ],
  "cameraPoseARFrame" : [
    0.97337543964385986,
    -0.11044743657112122,
    -0.20085255801677704,
    -0.1650003045797348,
    0.22086131572723389,
    0.21748930215835571,
    0.95074635744094849,
    0.5159875750541687,
    -0.061324208974838257,
    -0.96979367733001709,
    0.23609231412410736,
    0.13658277690410614,
    0,
    0,
    0,
    0.99999988079071045
  ],
  "motionQuality" : 0.97999066114425659,
  "averageVelocity" : 0.069060236215591431,
  "intrinsics" : [
    1453.4569091796875,
    0,
    977.3070068359375,
    0,
    1453.4569091796875,
    714.16387939453125,
    0,
    0,
    1
  ],
  "time" : 942358.68357704184,
  "cameraGrain" : 0,
  "averageAngularVelocity" : 0.070032708346843719,
  "exposureDuration" : 0.016393441706895828
}