{
  "cameraGrain" : 0,
  "intrinsics" : [
    1452.055419921875,
    0,
    973.17926025390625,
    0,
    1452.055419921875,
    716.88494873046875,
    0,
    0,
    1
  ],
  "projectionMatrix" : [
    1.5125577449798584,
    0,
    -0.014249205589294434,
    0,
    0,
    2.0167436599731445,
    -0.0036320686340332031,
    0,
    0,
    0,
    -0.9999997615814209,
    -0.00099999981466680765,
    0,
    0,
    -1,
    0
  ],
  "frame_index" : 85,
  "averageVelocity" : 0.10312516242265701,
  "exposureDuration" : 0.016393441706895828,
  "motionQuality" : 0.97053569555282593,
  "cameraPoseARFrame" : [
    0.99831867218017578,
    -0.02903333306312561,
    -0.050169281661510468,
    -0.056128863245248795,
    0.053492862731218338,
    0.12811049818992615,
    0.99031633138656616,
    0.55091243982315063,
    -0.022324932739138603,
    -0.99133497476577759,
    0.12944817543029785,
    0.099073611199855804,
    0,
    0,
    0,
    0.99999994039535522
  ],
  "time" : 942370.18177770858,
  "averageAngularVelocity" : 0.04671744629740715
}