{
  "cameraGrain" : 0,
  "frame_index" : 16,
  "time" : 942358.38279108354,
  "cameraPoseARFrame" : [
    0.98102420568466187,
    -0.097646176815032959,
    -0.16750188171863556,
    -0.14526963233947754,
    0.18511880934238434,
    0.21488505601882935,
    0.95893460512161255,
    0.52062422037124634,
    -0.057642612606287003,
    -0.97174578905105591,
    0.22888356447219849,
    0.13326923549175262,
    0,
    0,
    0,
    1
  ],
  "motionQuality" : 0.96697384119033813,
  "averageAngularVelocity" : 0.11559150367975235,
  "intrinsics" : [
    1453.5450439453125,
    0,
    976.6746826171875,
    0,
    1453.5450439453125,
    714.06103515625,
    0,
    0,
    1
  ],
  "projectionMatrix" : [
    1.5141093730926514,
    0,
    -0.017890334129333496,
    0,
    0,
    2.0188126564025879,
    -0.007554173469543457,
    0,
    0,
    0,
    -0.9999997615814209,
    -0.00099999981466680765,
    0,
    0,
    -1,
    0
  ],
  "averageVelocity" : 0.072144709527492523,
  "exposureDuration" : 0.016393441706895828
}