{
  "exposureDuration" : 0.016393441706895828,
  "cameraPoseARFrame" : [
    0.94075709581375122,
    -0.11517839878797531,
    -0.31892028450965881,
    -0.23863381147384644,
    0.3354262113571167,
    0.17838139832019806,
    0.92502403259277344,
    0.47113913297653198,
    -0.049653317779302597,
    -0.97719711065292358,
    0.20644743740558624,
    0.12783989310264587,
    0,
    0,
    0,
    1
  ],
  "frame_index" : 28,
  "intrinsics" : [
    1453.9342041015625,
    0,
    981.91839599609375,
    0,
    1453.9342041015625,
    715.1932373046875,
    0,
    0,
    1
  ],
  "projectionMatrix" : [
    1.5145148038864136,
    0,
    -0.023352503776550293,
    0,
    0,
    2.0193531513214111,
    -0.0059815645217895508,
    0,
    0,
    0,
    -0.9999997615814209,
    -0.00099999981466680765,
    0,
    0,
    -1,
    0
  ],
  "time" : 942360.41988679185,
  "averageAngularVelocity" : 0.027019493281841278,
  "cameraGrain" : 0,
  "averageVelocity" : 0.036734715104103088,
  "motionQuality" : 0.98950433731079102
}