{
  "cameraGrain" : 0,
  "frame_index" : 22,
  "time" : 942359.41847083357,
  "cameraPoseARFrame" : [
    0.96114754676818848,
    -0.11016540974378586,
    -0.25309854745864868,
    -0.19417659938335419,
    0.27050703763961792,
    0.19333301484584808,
    0.94310563802719116,
    0.50021904706954956,
    -0.054965309798717499,
    -0.97492873668670654,
    0.21562209725379944,
    0.1372087150812149,
    0,
    0,
    0,
    0.99999994039535522
  ],
  "motionQuality" : 0.96428132057189941,
  "averageAngularVelocity" : 0.12501540780067444,
  "intrinsics" : [
    1453.4671630859375,
    0,
    979.5361328125,
    0,
    1453.4671630859375,
    714.2572021484375,
    0,
    0,
    1
  ],
  "projectionMatrix" : [
    1.5140283107757568,
    0,
    -0.02087092399597168,
    0,
    0,
    2.0187044143676758,
    -0.0072816610336303711,
    0,
    0,
    0,
    -0.9999997615814209,
    -0.00099999981466680765,
    0,
    0,
    -1,
    0
  ],
  "averageVelocity" : 0.045269008725881577,
  "exposureDuration" : 0.016393441706895828
}