{
  "time" : 942357.17798083357,
  "averageAngularVelocity" : 0,
  "cameraGrain" : 0,
  "motionQuality" : 0.99134492874145508,
  "averageVelocity" : 0,
  "frame_index" : 9,
  "intrinsics" : [
    1453.5086669921875,
    0,
    974.6728515625,
    0,
    1453.5086669921875,
    713.95733642578125,
    0,
    0,
    1
  ],
  "exposureDuration" : 0.016393441706895828,
  "cameraPoseARFrame" : [
    0.99324667453765869,
    -0.075980089604854584,
    -0.087681807577610016,
    -0.084881387650966644,
    0.10283565521240234,
    0.22660732269287109,
    0.96854215860366821,
    0.52385497093200684,
    -0.053720559924840927,
    -0.97101813554763794,
    0.23289042711257935,
    0.12199979275465012,
    0,
    0,
    0,
    0.99999994039535522
  ],
  "projectionMatrix" : [
    1.5140715837478638,
    0,
    -0.01580500602722168,
    0,
    0,
    2.0187621116638184,
    -0.0076981782913208008,
    0,
    0,
    0,
    -0.9999997615814209,
    -0.00099999981466680765,
    0,
    0,
    -1,
    0
  ]
}