{
  "projectionMatrix" : [
    1.5145527124404907,
    0,
    -0.0088760852813720703,
    0,
    0,
    2.0194036960601807,
    -0.0037134885787963867,
    0,
    0,
    0,
    -0.9999997615814209,
    -0.00099999981466680765,
    0,
    0,
    -1,
    0
  ],
  "motionQuality" : 0.94838535785675049,
  "averageVelocity" : 0.14373505115509033,
  "cameraGrain" : 0,
  "time" : 942366.77249300026,
  "frame_index" : 65,
  "cameraPoseARFrame" : [
    0.99778193235397339,
    -0.059228751808404922,
    0.03038516454398632,
    -0.0032434898894280195,
    -0.022647250443696976,
    0.12719327211380005,
    0.99161940813064575,
    0.53559255599975586,
    -0.062597140669822693,
    -0.9901079535484314,
    0.12556979060173035,
    0.11655432730913162,
    0,
    0,
    0,
    1
  ],
  "intrinsics" : [
    1453.9705810546875,
    0,
    968.02105712890625,
    0,
    1453.9705810546875,
    716.8262939453125,
    0,
    0,
    1
  ],
  "averageAngularVelocity" : 0.18065124750137329,
  "exposureDuration" : 0.016393441706895828
}