{
  "frame_index" : 39,
  "time" : 942362.25818300026,
  "averageAngularVelocity" : 0.13595788180828094,
  "cameraGrain" : 0,
  "averageVelocity" : 0.11058633774518967,
  "exposureDuration" : 0.016393441706895828,
  "intrinsics" : [
    1454.0277099609375,
    0,
    979.33343505859375,
    0,
    1454.0277099609375,
    714.40814208984375,
    0,
    0,
    1
  ],
  "cameraPoseARFrame" : [
    0.98350226879119873,
    -0.064211286604404449,
    -0.16911649703979492,
    -0.14657580852508545,
    0.17903600633144379,
    0.2117866724729538,
    0.9607771635055542,
    0.51118791103363037,
    -0.0258761215955019,
    -0.97520440816879272,
    0.2197888046503067,
    0.12732499837875366,
    0,
    0,
    0,
    1
  ],
  "motionQuality" : 0.96115487813949585,
  "projectionMatrix" : [
    1.5146121978759766,
    0,
    -0.020659804344177246,
    0,
    0,
    2.0194828510284424,
    -0.0070719718933105469,
    0,
    0,
    0,
    -0.9999997615814209,
    -0.00099999981466680765,
    0,
    0,
    -1,
    0
  ]
}