{
  "time" : 942356.37480529188,
  "frame_index" : 4,
  "cameraPoseARFrame" : [
    0.99400901794433594,
    -0.067141972482204437,
    -0.086244620382785797,
    -0.08462485671043396,
    0.099068067967891693,
    0.22014039754867554,
    0.97042447328567505,
    0.51426643133163452,
    -0.04617028683423996,
    -0.97315466403961182,
    0.22547318041324615,
    0.11880087852478027,
    0,
    0,
    0,
    0.99999994039535522
  ],
  "intrinsics" : [
    1453.955078125,
    0,
    974.7724609375,
    0,
    1453.955078125,
    713.9757080078125,
    0,
    0,
    1
  ],
  "motionQuality" : 0.99318039417266846,
  "cameraGrain" : 0,
  "averageVelocity" : 0.012406248599290848,
  "exposureDuration" : 0.016393441706895828,
  "averageAngularVelocity" : 0.023868517950177193,
  "projectionMatrix" : [
    1.5145364999771118,
    0,
    -0.01590883731842041,
    0,
    0,
    2.0193819999694824,
    -0.0076726675033569336,
    0,
    0,
    0,
    -0.9999997615814209,
    -0.00099999981466680765,
    0,
    0,
    -1,
    0
  ]
}