{
  "time" : 942366.30346179183,
  "exposureDuration" : 0.016393441706895828,
  "intrinsics" : [
    1454.97216796875,
    0,
    964.17437744140625,
    0,
    1454.97216796875,
    715.8756103515625,
    0,
    0,
    1
  ],
  "projectionMatrix" : [
    1.5155960321426392,
    0,
    -0.0048691034317016602,
    0,
    0,
    2.0207946300506592,
    -0.0050338506698608398,
    0,
    0,
    0,
    -0.9999997615814209,
    -0.00099999981466680765,
    0,
    0,
    -1,
    0
  ],
  "cameraPoseARFrame" : [
    0.99223309755325317,
    -0.014469575136899948,
    0.12354803830385208,
    0.052561845630407333,
    -0.12025202065706253,
    0.14254327118396759,
    0.98245656490325928,
    0.49679487943649292,
    -0.031826630234718323,
    -0.98968279361724854,
    0.13969618082046509,
    0.111028753221035,
    0,
    0,
    0,
    0.99999994039535522
  ],
  "cameraGrain" : 0,
  "motionQuality" : 0.92362725734710693,
  "frame_index" : 62,
  "averageVelocity" : 0.14791589975357056,
  "averageAngularVelocity" : 0.26730462908744812
}