{
  "time" : 942361.1229547502,
  "cameraPoseARFrame" : [
    0.94472247362136841,
    -0.1135413646697998,
    -0.30758419632911682,
    -0.23595799505710602,
    0.32416778802871704,
    0.18285422027111053,
    0.92815935611724854,
    0.47077199816703796,
    -0.049141380935907364,
    -0.97656172513961792,
    0.20955295860767365,
    0.12529562413692474,
    0,
    0,
    0,
    1
  ],
  "frame_index" : 32,
  "exposureDuration" : 0.016393441706895828,
  "motionQuality" : 0.98252427577972412,
  "averageVelocity" : 0,
  "projectionMatrix" : [
    1.5149744749069214,
    0,
    -0.024245619773864746,
    0,
    0,
    2.0199658870697021,
    -0.005847930908203125,
    0,
    0,
    0,
    -0.9999997615814209,
    -0.00099999981466680765,
    0,
    0,
    -1,
    0
  ],
  "cameraGrain" : 0,
  "intrinsics" : [
    1454.37548828125,
    0,
    982.7757568359375,
    0,
    1454.37548828125,
    715.28948974609375,
    0,
    0,
    1
  ],
  "averageAngularVelocity" : 0
}