{
  "motionQuality" : 0.97027379274368286,
  "projectionMatrix" : [
    1.5136227607727051,
    0,
    -0.011327981948852539,
    0,
    0,
    2.0181636810302734,
    -0.0034947395324707031,
    0,
    0,
    0,
    -0.9999997615814209,
    -0.00099999981466680765,
    0,
    0,
    -1,
    0
  ],
  "averageVelocity" : 0.10404179990291595,
  "cameraGrain" : 0,
  "time" : 942367.10499895853,
  "frame_index" : 67,
  "cameraPoseARFrame" : [
    0.99895334243774414,
    -0.045597173273563385,
    -0.003617066890001297,
    -0.02835870161652565,
    0.0094618108123540878,
    0.12862755358219147,
    0.99164783954620361,
    0.56704217195510864,
    -0.044751081615686417,
    -0.99064415693283081,
    0.12892438471317291,
    0.11307808011770248,
    0,
    0,
    0,
    0.99999994039535522
  ],
  "intrinsics" : [
    1453.077880859375,
    0,
    970.37481689453125,
    0,
    1453.077880859375,
    716.9837646484375,
    0,
    0,
    1
  ],
  "averageAngularVelocity" : 0.097239486873149872,
  "exposureDuration" : 0.016393441706895828
}