{
  "time" : 942365.03310345858,
  "exposureDuration" : 0.016393441706895828,
  "intrinsics" : [
    1454.982666015625,
    0,
    964.7947998046875,
    0,
    1454.982666015625,
    715.92340087890625,
    0,
    0,
    1
  ],
  "projectionMatrix" : [
    1.5156069993972778,
    0,
    -0.0055154561996459961,
    0,
    0,
    2.0208091735839844,
    -0.0049674510955810547,
    0,
    0,
    0,
    -0.9999997615814209,
    -0.00099999981466680765,
    0,
    0,
    -1,
    0
  ],
  "cameraPoseARFrame" : [
    0.97418957948684692,
    0.039352349936962128,
    0.22227522730827332,
    0.10436403751373291,
    -0.22572650015354156,
    0.16303592920303345,
    0.96045142412185669,
    0.4741227924823761,
    0.0015571967232972383,
    -0.98583513498306274,
    0.16771075129508972,
    0.11108002811670303,
    0,
    0,
    0,
    1
  ],
  "cameraGrain" : 0,
  "motionQuality" : 0.96370500326156616,
  "frame_index" : 55,
  "averageVelocity" : 0,
  "averageAngularVelocity" : 0.12703251838684082
}