{
  "time" : 942361.22369095858,
  "cameraPoseARFrame" : [
    0.94577538967132568,
    -0.11536851525306702,
    -0.30364274978637695,
    -0.23308686912059784,
    0.32093521952629089,
    0.18773363530635834,
    0.92830854654312134,
    0.47272545099258423,
    -0.050093598663806915,
    -0.97542107105255127,
    0.21457971632480621,
    0.12517395615577698,
    0,
    0,
    0,
    0.99999994039535522
  ],
  "frame_index" : 33,
  "exposureDuration" : 0.016393441706895828,
  "motionQuality" : 0.98231661319732666,
  "averageVelocity" : 0.034104391932487488,
  "projectionMatrix" : [
    1.5149691104888916,
    0,
    -0.024147868156433105,
    0,
    0,
    2.0199587345123291,
    -0.0057923793792724609,
    0,
    0,
    0,
    -0.9999997615814209,
    -0.00099999981466680765,
    0,
    0,
    -1,
    0
  ],
  "cameraGrain" : 0,
  "intrinsics" : [
    1454.370361328125,
    0,
    982.68194580078125,
    0,
    1454.370361328125,
    715.32952880859375,
    0,
    0,
    1
  ],
  "averageAngularVelocity" : 0
}