{
  "averageVelocity" : 0,
  "exposureDuration" : 0.016393441706895828,
  "projectionMatrix" : [
    1.5145580768585205,
    0,
    -0.0092868804931640625,
    0,
    0,
    2.0194106101989746,
    -0.006137847900390625,
    0,
    0,
    0,
    -0.9999997615814209,
    -0.00099999981466680765,
    0,
    0,
    -1,
    0
  ],
  "cameraPoseARFrame" : [
    0.9916648268699646,
    0.021937727928161621,
    0.12696264684200287,
    0.051505278795957565,
    -0.1288398951292038,
    0.17670711874961853,
    0.97579449415206909,
    0.51028662919998169,
    -0.0010284794261679053,
    -0.98401898145675659,
    0.17806071043014526,
    0.13002254068851471,
    0,
    0,
    0,
    1
  ],
  "motionQuality" : 0.97294902801513672,
  "time" : 942364.19886558352,
  "intrinsics" : [
    1453.9757080078125,
    0,
    968.4154052734375,
    0,
    1453.9757080078125,
    715.08074951171875,
    0,
    0,
    1
  ],
  "cameraGrain" : 0,
  "frame_index" : 50,
  "averageAngularVelocity" : 0.048136159777641296
}