{
  "cameraGrain" : 0,
  "time" : 942366.87234200025,
  "averageVelocity" : 0.13677299022674561,
  "intrinsics" : [
    1454.0382080078125,
    0,
    968.7415771484375,
    0,
    1454.0382080078125,
    716.94482421875,
    0,
    0,
    1
  ],
  "cameraPoseARFrame" : [
    0.99826055765151978,
    -0.056165117770433426,
    0.017921857535839081,
    -0.012407133355736732,
    -0.010582557879388332,
    0.12834438681602478,
    0.99167323112487793,
    0.54570168256759644,
    -0.057997580617666245,
    -0.99013799428939819,
    0.12752678990364075,
    0.11577527970075607,
    0,
    0,
    0,
    0.99999994039535522
  ],
  "exposureDuration" : 0.016393441706895828,
  "averageAngularVelocity" : 0.1375696063041687,
  "projectionMatrix" : [
    1.5146231651306152,
    0,
    -0.0096266269683837891,
    0,
    0,
    2.0194973945617676,
    -0.0035488605499267578,
    0,
    0,
    0,
    -0.9999997615814209,
    -0.00099999981466680765,
    0,
    0,
    -1,
    0
  ],
  "frame_index" : 66,
  "motionQuality" : 0.96069437265396118
}