{
  "motionQuality" : 0.9533534049987793,
  "cameraPoseARFrame" : [
    0.998984694480896,
    -0.039952568709850311,
    -0.020819887518882751,
    -0.052716046571731567,
    0.028901102021336555,
    0.21380914747714996,
    0.97644782066345215,
    0.5240899920463562,
    -0.034560114145278931,
    -0.97605806589126587,
    0.21474674344062805,
    0.12789346277713776,
    0,
    0,
    0,
    1
  ],
  "averageAngularVelocity" : 0.16326318681240082,
  "averageVelocity" : 0.096166983246803284,
  "cameraGrain" : 0,
  "projectionMatrix" : [
    1.5145688056945801,
    0,
    -0.015265941619873047,
    0,
    0,
    2.0194251537322998,
    -0.0066273212432861328,
    0,
    0,
    0,
    -0.9999997615814209,
    -0.00099999981466680765,
    0,
    0,
    -1,
    0
  ],
  "time" : 942363.19582979183,
  "intrinsics" : [
    1453.986083984375,
    0,
    974.1552734375,
    0,
    1453.986083984375,
    714.72833251953125,
    0,
    0,
    1
  ],
  "frame_index" : 44,
  "exposureDuration" : 0.016393441706895828
}