{
  "cameraGrain" : 0,
  "frame_index" : 21,
  "time" : 942359.1841131252,
  "cameraPoseARFrame" : [
    0.96691721677780151,
    -0.11516398191452026,
    -0.22761473059654236,
    -0.18681067228317261,
    0.24742241203784943,
    0.2062695324420929,
    0.946696937084198,
    0.50713753700256348,
    -0.062075391411781311,
    -0.97169452905654907,
    0.22793971002101898,
    0.1382242888212204,
    0,
    0,
    0,
    0.99999988079071045
  ],
  "motionQuality" : 0.97457408905029297,
  "averageAngularVelocity" : 0.088990770280361176,
  "intrinsics" : [
    1453.5399169921875,
    0,
    979.10491943359375,
    0,
    1453.5399169921875,
    714.1781005859375,
    0,
    0,
    1
  ],
  "projectionMatrix" : [
    1.5141041278839111,
    0,
    -0.020421743392944336,
    0,
    0,
    2.0188055038452148,
    -0.0073915719985961914,
    0,
    0,
    0,
    -0.9999997615814209,
    -0.00099999981466680765,
    0,
    0,
    -1,
    0
  ],
  "averageVelocity" : 0,
  "exposureDuration" : 0.016393441706895828
}