{
  "time" : 942355.64631345856,
  "cameraPoseARFrame" : [
    0.99381154775619507,
    -0.069064207375049591,
    -0.086999580264091492,
    -0.084362156689167023,
    0.10028038173913956,
    0.22095786035060883,
    0.97011429071426392,
    0.51399034261703491,
    -0.047776930034160614,
    -0.97283494472503662,
    0.2265162467956543,
    0.11746626347303391,
    0,
    0,
    0,
    1
  ],
  "frame_index" : 0,
  "projectionMatrix" : [
    1.5145310163497925,
    0,
    -0.015658855438232422,
    0,
    0,
    2.0193748474121094,
    -0.0077456235885620117,
    0,
    0,
    0,
    -0.9999997615814209,
    -0.00099999981466680765,
    0,
    0,
    -1,
    0
  ],
  "motionQuality" : 1,
  "averageVelocity" : 0,
  "intrinsics" : [
    1453.9498291015625,
    0,
    974.532470703125,
    0,
    1453.9498291015625,
    713.92315673828125,
    0,
    0,
    1
  ],
  "cameraGrain" : 0,
  "averageAngularVelocity" : 0,
  "exposureDuration" : 0.016393441706895828
}