{
  "cameraPoseARFrame" : [
    0.99839407205581665,
    -0.02958301268517971,
    -0.04831279069185257,
    -0.046805348247289658,
    0.051697921007871628,
    0.12705992162227631,
    0.9905468225479126,
    0.6529465913772583,
    -0.023164737969636917,
    -0.99145370721817017,
    0.1283852607011795,
    0.11804347485303879,
    0,
    0,
    0,
    0.99999988079071045
  ],
  "time" : 942368.8777854169,
  "averageVelocity" : 0.012713344767689705,
  "motionQuality" : 0.98937147855758667,
  "frame_index" : 77,
  "averageAngularVelocity" : 0.037199750542640686,
  "projectionMatrix" : [
    1.5111844539642334,
    0,
    -0.013981461524963379,
    0,
    0,
    2.0149126052856445,
    -0.0030696392059326172,
    0,
    0,
    0,
    -0.9999997615814209,
    -0.00099999981466680765,
    0,
    0,
    -1,
    0
  ],
  "intrinsics" : [
    1450.737060546875,
    0,
    972.92218017578125,
    0,
    1450.737060546875,
    717.28985595703125,
    0,
    0,
    1
  ],
  "exposureDuration" : 0.016393441706895828,
  "cameraGrain" : 0
}