{
  "intrinsics" : [
    1453.4879150390625,
    0,
    976.01556396484375,
    0,
    1453.4879150390625,
    713.87823486328125,
    0,
    0,
    1
  ],
  "cameraGrain" : 0,
  "time" : 942358.18134766689,
  "projectionMatrix" : [
    1.5140498876571655,
    0,
    -0.017203688621520996,
    0,
    0,
    2.0187332630157471,
    -0.0078079700469970703,
    0,
    0,
    0,
    -0.9999997615814209,
    -0.00099999981466680765,
    0,
    0,
    -1,
    0
  ],
  "motionQuality" : 0.98008495569229126,
  "averageVelocity" : 0.069702677428722382,
  "averageAngularVelocity" : 0.053933754563331604,
  "frame_index" : 15,
  "exposureDuration" : 0.016393441706895828,
  "cameraPoseARFrame" : [
    0.984050452709198,
    -0.098022639751434326,
    -0.1484467089176178,
    -0.13200083374977112,
    0.16711552441120148,
    0.22338980436325073,
    0.960296630859375,
    0.52319103479385376,
    -0.060969308018684387,
    -0.96978801488876343,
    0.23620793223381042,
    0.1301189512014389,
    0,
    0,
    0,
    1
  ]
}