{
  "exposureDuration" : 0.016393441706895828,
  "cameraPoseARFrame" : [
    0.99819904565811157,
    -0.033961467444896698,
    -0.04945017397403717,
    -0.054298799484968185,
    0.053610209375619888,
    0.13511554896831512,
    0.98937845230102539,
    0.57072228193283081,
    -0.026919247582554817,
    -0.99024766683578491,
    0.13669289648532867,
    0.10427798330783844,
    0,
    0,
    0,
    0.99999994039535522
  ],
  "time" : 942369.98026675021,
  "motionQuality" : 0.97081631422042847,
  "intrinsics" : [
    1451.666259765625,
    0,
    973.22686767578125,
    0,
    1451.666259765625,
    716.8861083984375,
    0,
    0,
    1
  ],
  "frame_index" : 84,
  "projectionMatrix" : [
    1.5121523141860962,
    0,
    -0.014298796653747559,
    0,
    0,
    2.0162031650543213,
    -0.0036303997039794922,
    0,
    0,
    0,
    -0.9999997615814209,
    -0.00099999981466680765,
    0,
    0,
    -1,
    0
  ],
  "averageVelocity" : 0.10214285552501678,
  "averageAngularVelocity" : 0.036950532346963882,
  "cameraGrain" : 0
}