{
  "intrinsics" : [
    1451.2562255859375,
    0,
    973.055908203125,
    0,
    1451.2562255859375,
    717.19732666015625,
    0,
    0,
    1
  ],
  "frame_index" : 82,
  "averageAngularVelocity" : 0.023184536024928093,
  "cameraGrain" : 0,
  "exposureDuration" : 0.016393441706895828,
  "cameraPoseARFrame" : [
    0.9972761869430542,
    -0.038337815552949905,
    -0.063011623919010162,
    -0.051209256052970886,
    0.067543253302574158,
    0.13145267963409424,
    0.98901867866516113,
    0.59774357080459595,
    -0.02963375486433506,
    -0.99058085680007935,
    0.13368409872055054,
    0.11336818337440491,
    0,
    0,
    0,
    0.99999982118606567
  ],
  "averageVelocity" : 0.096152268350124359,
  "projectionMatrix" : [
    1.5117251873016357,
    0,
    -0.014120697975158691,
    0,
    0,
    2.0156335830688477,
    -0.0031981468200683594,
    0,
    0,
    0,
    -0.9999997615814209,
    -0.00099999981466680765,
    0,
    0,
    -1,
    0
  ],
  "time" : 942369.68042162526,
  "motionQuality" : 0.97252792119979858
}