{
  "cameraGrain" : 0,
  "exposureDuration" : 0.016393441706895828,
  "projectionMatrix" : [
    1.5160285234451294,
    0,
    -0.0035932064056396484,
    0,
    0,
    2.0213713645935059,
    -0.004933476448059082,
    0,
    0,
    0,
    -0.9999997615814209,
    -0.00099999981466680765,
    0,
    0,
    -1,
    0
  ],
  "time" : 942365.77002687519,
  "frame_index" : 59,
  "averageAngularVelocity" : 0.041085571050643921,
  "cameraPoseARFrame" : [
    0.97590279579162598,
    0.039330646395683289,
    0.21463200449943542,
    0.10571134090423584,
    -0.21820546686649323,
    0.17407219111919403,
    0.96025270223617554,
    0.47096991539001465,
    0.00040590862045064569,
    -0.98394715785980225,
    0.17845971882343292,
    0.10374628007411957,
    0,
    0,
    0,
    0.99999994039535522
  ],
  "intrinsics" : [
    1455.3873291015625,
    0,
    962.94952392578125,
    0,
    1455.3873291015625,
    715.94793701171875,
    0,
    0,
    1
  ],
  "motionQuality" : 0.98655593395233154,
  "averageVelocity" : 0.047054294496774673
}