{
  "cameraGrain" : 0,
  "exposureDuration" : 0.016393441706895828,
  "averageVelocity" : 0.06649046391248703,
  "intrinsics" : [
    1453.51904296875,
    0,
    975.26336669921875,
    0,
    1453.51904296875,
    713.979736328125,
    0,
    0,
    1
  ],
  "time" : 942357.9144590419,
  "frame_index" : 13,
  "projectionMatrix" : [
    1.5140823125839233,
    0,
    -0.016420125961303711,
    0,
    0,
    2.0187764167785645,
    -0.0076670646667480469,
    0,
    0,
    0,
    -0.9999997615814209,
    -0.00099999981466680765,
    0,
    0,
    -1,
    0
  ],
  "cameraPoseARFrame" : [
    0.98492282629013062,
    -0.10533987730741501,
    -0.13722456991672516,
    -0.11321438103914261,
    0.15788333117961884,
    0.22312550246715546,
    0.96191889047622681,
    0.52179235219955444,
    -0.070710092782974243,
    -0.9690813422203064,
    0.23639284074306488,
    0.12819477915763855,
    0,
    0,
    0,
    0.99999988079071045
  ],
  "motionQuality" : 0.97892391681671143,
  "averageAngularVelocity" : 0.07376619428396225
}