{
  "cameraGrain" : 0,
  "exposureDuration" : 0.016393441706895828,
  "projectionMatrix" : [
    1.5161043405532837,
    0,
    -0.0037714242935180664,
    0,
    0,
    2.0214724540710449,
    -0.0052561759948730469,
    0,
    0,
    0,
    -0.9999997615814209,
    -0.00099999981466680765,
    0,
    0,
    -1,
    0
  ],
  "time" : 942365.87010670849,
  "frame_index" : 60,
  "averageAngularVelocity" : 0.11865478754043579,
  "cameraPoseARFrame" : [
    0.97844195365905762,
    0.036548823118209839,
    0.20326241850852966,
    0.10021073371171951,
    -0.20652168989181519,
    0.17097744345664978,
    0.96338760852813721,
    0.4734840989112854,
    0.00045741134090349078,
    -0.98459690809249878,
    0.17483964562416077,
    0.10358632355928421,
    0,
    0,
    0,
    1
  ],
  "intrinsics" : [
    1455.460205078125,
    0,
    963.12060546875,
    0,
    1455.460205078125,
    715.71551513671875,
    0,
    0,
    1
  ],
  "motionQuality" : 0.9660986065864563,
  "averageVelocity" : 0.060114786028862
}