{
  "motionQuality" : 0.95591723918914795,
  "cameraPoseARFrame" : [
    0.95450139045715332,
    -0.11565434187650681,
    -0.27486628293991089,
    -0.22113236784934998,
    0.29317587614059448,
    0.19534465670585632,
    0.93588912487030029,
    0.48182854056358337,
    -0.054545991122722626,
    -0.97389155626296997,
    0.2203637957572937,
    0.1261591762304306,
    0,
    0,
    0,
    1
  ],
  "averageVelocity" : 0,
  "intrinsics" : [
    1454.380615234375,
    0,
    982.608642578125,
    0,
    1454.380615234375,
    715.22509765625,
    0,
    0,
    1
  ],
  "exposureDuration" : 0.016393441706895828,
  "time" : 942361.45747620857,
  "frame_index" : 34,
  "averageAngularVelocity" : 0.15428957343101501,
  "cameraGrain" : 0,
  "projectionMatrix" : [
    1.5149798393249512,
    0,
    -0.024071455001831055,
    0,
    0,
    2.0199730396270752,
    -0.0059373378753662109,
    0,
    0,
    0,
    -0.9999997615814209,
    -0.00099999981466680765,
    0,
    0,
    -1,
    0
  ]
}