{
  "cameraGrain" : 0,
  "frame_index" : 20,
  "time" : 942359.11728737515,
  "cameraPoseARFrame" : [
    0.96811079978942871,
    -0.11614970117807388,
    -0.22197054326534271,
    -0.1848730593919754,
    0.24236822128295898,
    0.21001315116882324,
    0.94718128442764282,
    0.50922197103500366,
    -0.063398063182830811,
    -0.97077488899230957,
    0.23146697878837585,
    0.13824823498725891,
    0,
    0,
    0,
    1
  ],
  "motionQuality" : 0.98148244619369507,
  "averageAngularVelocity" : 0,
  "intrinsics" : [
    1453.067626953125,
    0,
    978.90386962890625,
    0,
    1453.067626953125,
    714.12322998046875,
    0,
    0,
    1
  ],
  "projectionMatrix" : [
    1.5136121511459351,
    0,
    -0.020212411880493164,
    0,
    0,
    2.0181493759155273,
    -0.0074677467346191406,
    0,
    0,
    0,
    -0.9999997615814209,
    -0.00099999981466680765,
    0,
    0,
    -1,
    0
  ],
  "averageVelocity" : 0.038866054266691208,
  "exposureDuration" : 0.016393441706895828
}