{
  "cameraGrain" : 0,
  "cameraPoseARFrame" : [
    0.9940759539604187,
    -0.065675720572471619,
    -0.086601361632347107,
    -0.083485215902328491,
    0.099151924252510071,
    0.22160524129867554,
    0.97008252143859863,
    0.51537042856216431,
    -0.044519532471895218,
    -0.97292244434356689,
    0.22680431604385376,
    0.1192801222205162,
    0,
    0,
    0,
    0.99999994039535522
  ],
  "motionQuality" : 0.99258935451507568,
  "time" : 942356.67553712521,
  "frame_index" : 6,
  "intrinsics" : [
    1453.5086669921875,
    0,
    974.66497802734375,
    0,
    1453.5086669921875,
    713.988037109375,
    0,
    0,
    1
  ],
  "averageAngularVelocity" : 0.025937216356396675,
  "projectionMatrix" : [
    1.5140715837478638,
    0,
    -0.015796899795532227,
    0,
    0,
    2.0187621116638184,
    -0.0076555013656616211,
    0,
    0,
    0,
    -0.9999997615814209,
    -0.00099999981466680765,
    0,
    0,
    -1,
    0
  ],
  "exposureDuration" : 0.016393441706895828,
  "averageVelocity" : 0
}