{
  "frame_index" : 37,
  "exposureDuration" : 0.016393441706895828,
  "motionQuality" : 0.96593004465103149,
  "cameraPoseARFrame" : [
    0.9760776162147522,
    -0.076970666646957397,
    -0.20334236323833466,
    -0.17494311928749084,
    0.2151104211807251,
    0.20584015548229218,
    0.95465052127838135,
    0.503609299659729,
    -0.031624056398868561,
    -0.97555404901504517,
    0.21747314929962158,
    0.1273646354675293,
    0,
    0,
    0,
    1
  ],
  "cameraGrain" : 0,
  "averageVelocity" : 0.10731194913387299,
  "time" : 942361.99245937518,
  "averageAngularVelocity" : 0.1192447766661644,
  "projectionMatrix" : [
    1.5145634412765503,
    0,
    -0.022095441818237305,
    0,
    0,
    2.0194180011749268,
    -0.0065469741821289062,
    0,
    0,
    0,
    -0.9999997615814209,
    -0.00099999981466680765,
    0,
    0,
    -1,
    0
  ],
  "intrinsics" : [
    1453.98095703125,
    0,
    980.711669921875,
    0,
    1453.98095703125,
    714.78619384765625,
    0,
    0,
    1
  ]
}