{
  "motionQuality" : 0.97930765151977539,
  "projectionMatrix" : [
    1.5121738910675049,
    0,
    -0.013516664505004883,
    0,
    0,
    2.0162317752838135,
    -0.0027142763137817383,
    0,
    0,
    0,
    -0.9999997615814209,
    -0.00099999981466680765,
    0,
    0,
    -1,
    0
  ],
  "time" : 942367.90706645849,
  "frame_index" : 72,
  "averageVelocity" : 0.072423309087753296,
  "cameraGrain" : 0,
  "exposureDuration" : 0.016393441706895828,
  "intrinsics" : [
    1451.6868896484375,
    0,
    972.47601318359375,
    0,
    1451.6868896484375,
    717.54571533203125,
    0,
    0,
    1
  ],
  "cameraPoseARFrame" : [
    0.99790269136428833,
    -0.047242004424333572,
    -0.044255182147026062,
    -0.05162675678730011,
    0.049947652965784073,
    0.12704840302467346,
    0.99063825607299805,
    0.62924104928970337,
    -0.04117714986205101,
    -0.99077093601226807,
    0.12914156913757324,
    0.11280390620231628,
    0,
    0,
    0,
    0.99999994039535522
  ],
  "averageAngularVelocity" : 0.06988004595041275
}