{
  "motionQuality" : 0.94402855634689331,
  "averageVelocity" : 0.10784056782722473,
  "cameraGrain" : 0,
  "projectionMatrix" : [
    1.5145906209945679,
    0,
    -0.018345475196838379,
    0,
    0,
    2.0194540023803711,
    -0.0070159435272216797,
    0,
    0,
    0,
    -0.9999997615814209,
    -0.00099999981466680765,
    0,
    0,
    -1,
    0
  ],
  "averageAngularVelocity" : 0.19590011239051819,
  "frame_index" : 41,
  "exposureDuration" : 0.016393441706895828,
  "time" : 942362.69258487516,
  "intrinsics" : [
    1454.0069580078125,
    0,
    977.11163330078125,
    0,
    1454.0069580078125,
    714.448486328125,
    0,
    0,
    1
  ],
  "cameraPoseARFrame" : [
    0.99509650468826294,
    -0.043752796947956085,
    -0.088706612586975098,
    -0.10167337954044342,
    0.095867916941642761,
    0.20593145489692688,
    0.97385931015014648,
    0.5189177393913269,
    -0.024341583251953125,
    -0.9775879979133606,
    0.20911614596843719,
    0.12761522829532623,
    0,
    0,
    0,
    1
  ]
}