{
  "cameraGrain" : 0,
  "cameraPoseARFrame" : [
    0.99344485998153687,
    -0.068944498896598816,
    -0.091180920600891113,
    -0.083092674612998962,
    0.10437200963497162,
    0.22173613309860229,
    0.96950483322143555,
    0.51552724838256836,
    -0.046623911708593369,
    -0.97266632318496704,
    0.2274785190820694,
    0.12131104618310928,
    0,
    0,
    0,
    0.99999994039535522
  ],
  "motionQuality" : 0.99595528841018677,
  "time" : 942356.87674458348,
  "frame_index" : 7,
  "intrinsics" : [
    1453.5294189453125,
    0,
    974.70489501953125,
    0,
    1453.5294189453125,
    713.98321533203125,
    0,
    0,
    1
  ],
  "averageAngularVelocity" : 0,
  "projectionMatrix" : [
    1.5140931606292725,
    0,
    -0.015838384628295898,
    0,
    0,
    2.0187909603118896,
    -0.0076621770858764648,
    0,
    0,
    0,
    -0.9999997615814209,
    -0.00099999981466680765,
    0,
    0,
    -1,
    0
  ],
  "exposureDuration" : 0.016393441706895828,
  "averageVelocity" : 0.012535616755485535
}