{
  "motionQuality" : 0.99019688367843628,
  "intrinsics" : [
    1450.711181640625,
    0,
    972.8968505859375,
    0,
    1450.711181640625,
    717.30859375,
    0,
    0,
    1
  ],
  "exposureDuration" : 0.016393441706895828,
  "cameraPoseARFrame" : [
    0.99788552522659302,
    -0.037885695695877075,
    -0.052811957895755768,
    -0.049970023334026337,
    0.057072754949331284,
    0.12197767198085785,
    0.99089062213897705,
    0.6512259840965271,
    -0.031098663806915283,
    -0.99180954694747925,
    0.12388200312852859,
    0.11820732802152634,
    0,
    0,
    0,
    0.99999994039535522
  ],
  "averageAngularVelocity" : 0.02489776536822319,
  "cameraGrain" : 0,
  "time" : 942368.41038708354,
  "frame_index" : 75,
  "averageVelocity" : 0,
  "projectionMatrix" : [
    1.5111575126647949,
    0,
    -0.013954997062683105,
    0,
    0,
    2.0148766040802002,
    -0.0030436515808105469,
    0,
    0,
    0,
    -0.9999997615814209,
    -0.00099999981466680765,
    0,
    0,
    -1,
    0
  ]
}