{
  "cameraGrain" : 0,
  "projectionMatrix" : [
    1.5150446891784668,
    0,
    -0.014161944389343262,
    0,
    0,
    2.0200595855712891,
    -0.0025635957717895508,
    0,
    0,
    0,
    -0.9999997615814209,
    -0.00099999981466680765,
    0,
    0,
    -1,
    0
  ],
  "averageVelocity" : 0.013047721236944199,
  "exposureDuration" : 0.016393441706895828,
  "intrinsics" : [
    1454.44287109375,
    0,
    973.095458984375,
    0,
    1454.44287109375,
    717.65423583984375,
    0,
    0,
    1
  ],
  "cameraPoseARFrame" : [
    0.99751502275466919,
    -0.022923784330487251,
    -0.066620662808418274,
    -0.054810371249914169,
    0.068711966276168823,
    0.10754374414682388,
    0.99182319641113281,
    0.4845125675201416,
    -0.015571690164506435,
    -0.99393612146377563,
    0.10885164141654968,
    0.08401094377040863,
    0,
    0,
    0,
    1
  ],
  "frame_index" : 91,
  "motionQuality" : 0.98620063066482544,
  "time" : 942371.21720300021,
  "averageAngularVelocity" : 0
}