{
  "intrinsics" : [
    1453.5399169921875,
    0,
    975.94390869140625,
    0,
    1453.5399169921875,
    713.80999755859375,
    0,
    0,
    1
  ],
  "cameraGrain" : 0,
  "time" : 942358.14688470855,
  "projectionMatrix" : [
    1.5141041278839111,
    0,
    -0.017129063606262207,
    0,
    0,
    2.0188055038452148,
    -0.0079027414321899414,
    0,
    0,
    0,
    -0.9999997615814209,
    -0.00099999981466680765,
    0,
    0,
    -1,
    0
  ],
  "motionQuality" : 0.97959685325622559,
  "averageVelocity" : 0.071411006152629852,
  "averageAngularVelocity" : 0.037668872624635696,
  "frame_index" : 14,
  "exposureDuration" : 0.016393441706895828,
  "cameraPoseARFrame" : [
    0.98421585559844971,
    -0.099268332123756409,
    -0.14650975167751312,
    -0.12980781495571136,
    0.16560286283493042,
    0.22465322911739349,
    0.96026396751403809,
    0.52347069978713989,
    -0.06240985170006752,
    -0.96936935186386108,
    0.23754638433456421,
    0.12973526120185852,
    0,
    0,
    0,
    1.0000001192092896
  ]
}