{
  "time" : 942356.17336579191,
  "frame_index" : 3,
  "cameraPoseARFrame" : [
    0.99433577060699463,
    -0.065766818821430206,
    -0.083493806421756744,
    -0.085675649344921112,
    0.096205443143844604,
    0.22301170229911804,
    0.97005695104598999,
    0.51521140336990356,
    -0.045177429914474487,
    -0.97259485721588135,
    0.22807563841342926,
    0.11743265390396118,
    0,
    0,
    0,
    1
  ],
  "intrinsics" : [
    1453.5294189453125,
    0,
    974.777587890625,
    0,
    1453.5294189453125,
    713.97772216796875,
    0,
    0,
    1
  ],
  "motionQuality" : 0.99226617813110352,
  "cameraGrain" : 0,
  "averageVelocity" : 0,
  "exposureDuration" : 0.016393441706895828,
  "averageAngularVelocity" : 0,
  "projectionMatrix" : [
    1.5140931606292725,
    0,
    -0.015914201736450195,
    0,
    0,
    2.0187909603118896,
    -0.0076698064804077148,
    0,
    0,
    0,
    -0.9999997615814209,
    -0.00099999981466680765,
    0,
    0,
    -1,
    0
  ]
}