{
  "time" : 942364.80038425024,
  "exposureDuration" : 0.016393441706895828,
  "intrinsics" : [
    1454.370361328125,
    0,
    965.98114013671875,
    0,
    1454.370361328125,
    715.52923583984375,
    0,
    0,
    1
  ],
  "projectionMatrix" : [
    1.5149691104888916,
    0,
    -0.0067511796951293945,
    0,
    0,
    2.0199587345123291,
    -0.005514979362487793,
    0,
    0,
    0,
    -0.9999997615814209,
    -0.00099999981466680765,
    0,
    0,
    -1,
    0
  ],
  "cameraPoseARFrame" : [
    0.98010295629501343,
    0.04785880446434021,
    0.19263380765914917,
    0.095819100737571716,
    -0.19788381457328796,
    0.15981341898441315,
    0.9671100378036499,
    0.48070463538169861,
    0.015499264933168888,
    -0.98598647117614746,
    0.16610409319400787,
    0.11465068906545639,
    0,
    0,
    0,
    1
  ],
  "cameraGrain" : 0,
  "frame_index" : 54,
  "motionQuality" : 0.96948891878128052,
  "averageVelocity" : 0,
  "averageAngularVelocity" : 0.10678882151842117
}