{
  "motionQuality" : 0.98673027753829956,
  "intrinsics" : [
    1453.91357421875,
    0,
    973.27044677734375,
    0,
    1453.91357421875,
    717.40325927734375,
    0,
    0,
    1
  ],
  "projectionMatrix" : [
    1.5144933462142944,
    0,
    -0.014344215393066406,
    0,
    0,
    2.0193243026733398,
    -0.0029121637344360352,
    0,
    0,
    0,
    -0.9999997615814209,
    -0.00099999981466680765,
    0,
    0,
    -1,
    0
  ],
  "averageVelocity" : 0,
  "frame_index" : 89,
  "time" : 942370.91527666687,
  "cameraGrain" : 0,
  "exposureDuration" : 0.016393441706895828,
  "cameraPoseARFrame" : [
    0.99823856353759766,
    -0.016219671815633774,
    -0.057068657130002975,
    -0.053720530122518539,
    0.058518826961517334,
    0.11077523231506348,
    0.99212127923965454,
    0.49027356505393982,
    -0.0097700729966163635,
    -0.99371320009231567,
    0.11152926832437515,
    0.084538429975509644,
    0,
    0,
    0,
    1
  ],
  "averageAngularVelocity" : 0.046443995088338852
}