{
  "frame_index" : 38,
  "time" : 942362.19318754191,
  "averageAngularVelocity" : 0.13938885927200317,
  "cameraGrain" : 0,
  "averageVelocity" : 0.1118462011218071,
  "exposureDuration" : 0.016393441706895828,
  "intrinsics" : [
    1454.0069580078125,
    0,
    979.602783203125,
    0,
    1454.0069580078125,
    714.55548095703125,
    0,
    0,
    1
  ],
  "cameraPoseARFrame" : [
    0.98196655511856079,
    -0.064957857131958008,
    -0.17754541337490082,
    -0.15376000106334686,
    0.18740426003932953,
    0.2106078565120697,
    0.95943951606750488,
    0.50999963283538818,
    -0.02493065781891346,
    -0.97541022300720215,
    0.2189832329750061,
    0.12719868123531342,
    0,
    0,
    0,
    1
  ],
  "motionQuality" : 0.96017462015151978,
  "projectionMatrix" : [
    1.5145906209945679,
    0,
    -0.020940423011779785,
    0,
    0,
    2.0194540023803711,
    -0.0068674087524414062,
    0,
    0,
    0,
    -0.9999997615814209,
    -0.00099999981466680765,
    0,
    0,
    -1,
    0
  ]
}