{
  "motionQuality" : 0.95620352029800415,
  "cameraPoseARFrame" : [
    0.99615961313247681,
    -0.034647513180971146,
    -0.080409854650497437,
    -0.094490274786949158,
    0.085803210735321045,
    0.20341908931732178,
    0.97532492876052856,
    0.51929599046707153,
    -0.017435662448406219,
    -0.97847861051559448,
    0.2056107372045517,
    0.12670134007930756,
    0,
    0,
    0,
    0.99999994039535522
  ],
  "averageAngularVelocity" : 0.15328769385814667,
  "averageVelocity" : 0.10901965200901031,
  "cameraGrain" : 0,
  "projectionMatrix" : [
    1.5145688056945801,
    0,
    -0.017794370651245117,
    0,
    0,
    2.0194251537322998,
    -0.0073146820068359375,
    0,
    0,
    0,
    -0.9999997615814209,
    -0.00099999981466680765,
    0,
    0,
    -1,
    0
  ],
  "time" : 942362.75957266684,
  "intrinsics" : [
    1453.986083984375,
    0,
    976.58258056640625,
    0,
    1453.986083984375,
    714.23345947265625,
    0,
    0,
    1
  ],
  "frame_index" : 42,
  "exposureDuration" : 0.016393441706895828
}