{
  "motionQuality" : 0.97498136758804321,
  "projectionMatrix" : [
    1.5120819807052612,
    0,
    -0.013432979583740234,
    0,
    0,
    2.0161094665527344,
    -0.002759099006652832,
    0,
    0,
    0,
    -0.9999997615814209,
    -0.00099999981466680765,
    0,
    0,
    -1,
    0
  ],
  "averageVelocity" : 0,
  "cameraGrain" : 0,
  "time" : 942367.84007166687,
  "frame_index" : 71,
  "intrinsics" : [
    1451.5987548828125,
    0,
    972.3956298828125,
    0,
    1451.5987548828125,
    717.51348876953125,
    0,
    0,
    1
  ],
  "cameraPoseARFrame" : [
    0.99818062782287598,
    -0.043995678424835205,
    -0.041228663176298141,
    -0.050990302115678787,
    0.046429593116044998,
    0.12461820244789124,
    0.99111783504486084,
    0.62499439716339111,
    -0.038467053323984146,
    -0.99122893810272217,
    0.12643419206142426,
    0.11264372617006302,
    0,
    0,
    0,
    0.99999994039535522
  ],
  "averageAngularVelocity" : 0,
  "exposureDuration" : 0.016393441706895828
}