{
  "time" : 942364.73158054182,
  "exposureDuration" : 0.016393441706895828,
  "intrinsics" : [
    1454.4324951171875,
    0,
    966.31341552734375,
    0,
    1454.4324951171875,
    715.43023681640625,
    0,
    0,
    1
  ],
  "projectionMatrix" : [
    1.5150338411331177,
    0,
    -0.0070973634719848633,
    0,
    0,
    2.0200450420379639,
    -0.0056524276733398438,
    0,
    0,
    0,
    -0.9999997615814209,
    -0.00099999981466680765,
    0,
    0,
    -1,
    0
  ],
  "cameraPoseARFrame" : [
    0.98116958141326904,
    0.052295267581939697,
    0.18593436479568481,
    0.092855848371982574,
    -0.19207099080085754,
    0.16262617707252502,
    0.96781283617019653,
    0.48321464657783508,
    0.0203742366284132,
    -0.98530107736587524,
    0.16960828006267548,
    0.11544747650623322,
    0,
    0,
    0,
    1
  ],
  "cameraGrain" : 0,
  "frame_index" : 53,
  "motionQuality" : 0.97356796264648438,
  "averageVelocity" : 0,
  "averageAngularVelocity" : 0.092512138187885284
}