{
  "cameraGrain" : 0,
  "exposureDuration" : 0.016393441706895828,
  "frame_index" : 68,
  "time" : 942367.30576100026,
  "cameraPoseARFrame" : [
    0.99876004457473755,
    -0.043393973261117935,
    -0.024401277303695679,
    -0.038300611078739166,
    0.029495133087038994,
    0.12091580033302307,
    0.99222445487976074,
    0.58252584934234619,
    -0.040106024593114853,
    -0.99171382188796997,
    0.12204578518867493,
    0.11228447407484055,
    0,
    0,
    0,
    0.99999994039535522
  ],
  "motionQuality" : 0.96288168430328369,
  "averageVelocity" : 0.087293699383735657,
  "projectionMatrix" : [
    1.513103723526001,
    0,
    -0.012128233909606934,
    0,
    0,
    2.0174715518951416,
    -0.0032461881637573242,
    0,
    0,
    0,
    -0.9999997615814209,
    -0.00099999981466680765,
    0,
    0,
    -1,
    0
  ],
  "averageAngularVelocity" : 0.12991420924663544,
  "intrinsics" : [
    1452.57958984375,
    0,
    971.14306640625,
    0,
    1452.57958984375,
    717.16278076171875,
    0,
    0,
    1
  ]
}