{
  "exposureDuration" : 0.016393441706895828,
  "cameraPoseARFrame" : [
    0.94225937128067017,
    -0.11409346759319305,
    -0.31484943628311157,
    -0.23059430718421936,
    0.33149805665016174,
    0.1844160258769989,
    0.92525666952133179,
    0.47718635201454163,
    -0.047502432018518448,
    -0.97620362043380737,
    0.21158953011035919,
    0.12899154424667358,
    0,
    0,
    0,
    0.99999994039535522
  ],
  "frame_index" : 27,
  "intrinsics" : [
    1453.944580078125,
    0,
    981.03857421875,
    0,
    1453.944580078125,
    714.9520263671875,
    0,
    0,
    1
  ],
  "projectionMatrix" : [
    1.5145256519317627,
    0,
    -0.022436022758483887,
    0,
    0,
    2.0193674564361572,
    -0.0063166618347167969,
    0,
    0,
    0,
    -0.9999997615814209,
    -0.00099999981466680765,
    0,
    0,
    -1,
    0
  ],
  "time" : 942360.18786983355,
  "averageAngularVelocity" : 0.12774518132209778,
  "cameraGrain" : 0,
  "averageVelocity" : 0.066541522741317749,
  "motionQuality" : 0.96350139379501343
}