{
  "time" : 942357.41166512517,
  "averageAngularVelocity" : 0.037610091269016266,
  "cameraGrain" : 0,
  "motionQuality" : 0.98925423622131348,
  "averageVelocity" : 0.020371915772557259,
  "frame_index" : 10,
  "intrinsics" : [
    1453.555419921875,
    0,
    974.80963134765625,
    0,
    1453.555419921875,
    713.8790283203125,
    0,
    0,
    1
  ],
  "exposureDuration" : 0.016393441706895828,
  "cameraPoseARFrame" : [
    0.99216651916503906,
    -0.080196700990200043,
    -0.095782198011875153,
    -0.088180795311927795,
    0.11165377497673035,
    0.22540466487407684,
    0.96784627437591553,
    0.52646142244338989,
    -0.056028299033641815,
    -0.97095900774002075,
    0.23259323835372925,
    0.1221596822142601,
    0,
    0,
    0,
    1
  ],
  "projectionMatrix" : [
    1.5141202211380005,
    0,
    -0.015947580337524414,
    0,
    0,
    2.018826961517334,
    -0.0078068971633911133,
    0,
    0,
    0,
    -0.9999997615814209,
    -0.00099999981466680765,
    0,
    0,
    -1,
    0
  ]
}