{
  "motionQuality" : 0.93889850378036499,
  "projectionMatrix" : [
    1.5155799388885498,
    0,
    -0.005252838134765625,
    0,
    0,
    2.0207734107971191,
    -0.0050884485244750977,
    0,
    0,
    0,
    -0.9999997615814209,
    -0.00099999981466680765,
    0,
    0,
    -1,
    0
  ],
  "averageVelocity" : 0.15400567650794983,
  "cameraGrain" : 0,
  "time" : 942366.37056733354,
  "frame_index" : 63,
  "cameraPoseARFrame" : [
    0.99331527948379517,
    -0.025539260357618332,
    0.11257191002368927,
    0.043856434524059296,
    -0.10801330208778381,
    0.13834205269813538,
    0.98447680473327637,
    0.50226157903671265,
    -0.040716223418712616,
    -0.9900551438331604,
    0.13465872406959534,
    0.11284027248620987,
    0,
    0,
    0,
    0.99999988079071045
  ],
  "intrinsics" : [
    1454.956787109375,
    0,
    964.542724609375,
    0,
    1454.956787109375,
    715.8363037109375,
    0,
    0,
    1
  ],
  "averageAngularVelocity" : 0.21385517716407776,
  "exposureDuration" : 0.016393441706895828
}