{
  "time" : 942360.92271754192,
  "cameraPoseARFrame" : [
    0.94199419021606445,
    -0.11206622421741486,
    -0.31636747717857361,
    -0.2386622428894043,
    0.33226418495178223,
    0.17822651565074921,
    0.92619436979293823,
    0.46835926175117493,
    -0.047410007566213608,
    -0.97758710384368896,
    0.20512394607067108,
    0.12496107071638107,
    0,
    0,
    0,
    1
  ],
  "frame_index" : 31,
  "exposureDuration" : 0.016393441706895828,
  "motionQuality" : 0.99306917190551758,
  "averageVelocity" : 0,
  "projectionMatrix" : [
    1.5149635076522827,
    0,
    -0.024425148963928223,
    0,
    0,
    2.019951343536377,
    -0.0057328939437866211,
    0,
    0,
    0,
    -0.9999997615814209,
    -0.00099999981466680765,
    0,
    0,
    -1,
    0
  ],
  "cameraGrain" : 0,
  "intrinsics" : [
    1454.364990234375,
    0,
    982.9481201171875,
    0,
    1454.364990234375,
    715.372314453125,
    0,
    0,
    1
  ],
  "averageAngularVelocity" : 0.024257935583591461
}