{
  "cameraGrain" : 0,
  "intrinsics" : [
    1452.5018310546875,
    0,
    973.00689697265625,
    0,
    1452.5018310546875,
    717.0216064453125,
    0,
    0,
    1
  ],
  "projectionMatrix" : [
    1.513022780418396,
    0,
    -0.014069676399230957,
    0,
    0,
    2.0173635482788086,
    -0.0034421682357788086,
    0,
    0,
    0,
    -0.9999997615814209,
    -0.00099999981466680765,
    0,
    0,
    -1,
    0
  ],
  "frame_index" : 86,
  "averageVelocity" : 0.10530528426170349,
  "exposureDuration" : 0.016393441706895828,
  "motionQuality" : 0.96991276741027832,
  "cameraPoseARFrame" : [
    0.99743854999542236,
    -0.031663734465837479,
    -0.064138226211071014,
    -0.055705897510051727,
    0.067585840821266174,
    0.1236199215054512,
    0.99002534151077271,
    0.53002995252609253,
    -0.023419119417667389,
    -0.99182438850402832,
    0.12544329464435577,
    0.094177976250648499,
    0,
    0,
    0,
    1
  ],
  "time" : 942370.38242275023,
  "averageAngularVelocity" : 0.076257489621639252
}